<?xml version="1.0" encoding="UTF-8"  ?>
<!-- Created with iReport - A designer for JasperReports -->
<!DOCTYPE jasperReport PUBLIC "//JasperReports//DTD Report Design//EN" "http://jasperreports.sourceforge.net/dtds/jasperreport.dtd">
<jasperReport
		 name="Clienti"
		 columnCount="1"
		 printOrder="Vertical"
		 orientation="Portrait"
		 pageWidth="595"
		 pageHeight="842"
		 columnWidth="535"
		 columnSpacing="0"
		 leftMargin="30"
		 rightMargin="30"
		 topMargin="20"
		 bottomMargin="20"
		 whenNoDataType="NoPages"
		 isTitleNewPage="false"
		 isSummaryNewPage="false">
	<property name="ireport.scriptlethandling" value="2" />
	<queryString><![CDATA[SELECT * FROM CLIENTI]]></queryString>
	<field name="CODCL" class="java.lang.Double"/>
	<field name="NUMEPREN" class="java.lang.String"/>
	<field name="ADRESA" class="java.lang.String"/>
	<field name="CODPOST" class="java.lang.String"/>
	<field name="TELEFON" class="java.lang.Double"/>
	<field name="EMAIL" class="java.lang.String"/>
		<background>
			<band height="50"  isSplitAllowed="true" >
			</band>
		</background>
		<title>
			<band height="105"  isSplitAllowed="true" >
				<staticText>
					<reportElement
						mode="Opaque"
						x="188"
						y="24"
						width="179"
						height="44"
						forecolor="#000000"
						backcolor="#FFFFFF"
						key="element-2"
						stretchType="NoStretch"
						positionType="FixRelativeToTop"
						isPrintRepeatedValues="true"
						isRemoveLineWhenBlank="false"
						isPrintInFirstWholeBand="false"
						isPrintWhenDetailOverflows="false"/>
					<textElement textAlignment="Center" verticalAlignment="Top" lineSpacing="1_1_2">
						<font fontName="Times New Roman" pdfFontName="Helvetica" size="24" isBold="true" isItalic="false" isUnderline="false" isPdfEmbedded ="false" pdfEncoding ="Cp1252" isStrikeThrough="false" />
					</textElement>
				<text><![CDATA[Clienti]]></text>
				</staticText>
			</band>
		</title>
		<pageHeader>
			<band height="33"  isSplitAllowed="true" >
				<image  scaleImage="RetainShape" vAlign="Middle" hAlign="Center" isUsingCache="false" evaluationTime="Now" hyperlinkType="None">					<reportElement
						mode="Opaque"
						x="6"
						y="-106"
						width="180"
						height="98"
						forecolor="#000000"
						backcolor="#FFFFFF"
						key="element-1"
						stretchType="NoStretch"
						positionType="FixRelativeToTop"
						isPrintRepeatedValues="true"
						isRemoveLineWhenBlank="false"
						isPrintInFirstWholeBand="false"
						isPrintWhenDetailOverflows="false"/>
					<graphicElement stretchType="NoStretch" pen="None" fill="Solid" />
					<imageExpression class="java.lang.String"><![CDATA["D:\\proiect java 2004\\Proiect Alex\\poze\\Imagini mark\\IMAGES.JPG"]]></imageExpression>				</image>
			</band>
		</pageHeader>
		<columnHeader>
			<band height="58"  isSplitAllowed="true" >
				<rectangle radius="10" >
					<reportElement
						mode="Opaque"
						x="2"
						y="2"
						width="529"
						height="54"
						forecolor="#FFFFFF"
						backcolor="#003399"
						key="element-3"
						stretchType="NoStretch"
						positionType="FixRelativeToTop"
						isPrintRepeatedValues="true"
						isRemoveLineWhenBlank="false"
						isPrintInFirstWholeBand="false"
						isPrintWhenDetailOverflows="false"/>
					<graphicElement stretchType="NoStretch" pen="Thin" fill="Solid" />
				</rectangle>
				<staticText>
					<reportElement
						mode="Opaque"
						x="5"
						y="14"
						width="83"
						height="23"
						forecolor="#000000"
						backcolor="#FFFFFF"
						key="element-4"
						stretchType="NoStretch"
						positionType="FixRelativeToTop"
						isPrintRepeatedValues="true"
						isRemoveLineWhenBlank="false"
						isPrintInFirstWholeBand="false"
						isPrintWhenDetailOverflows="false"/>
					<textElement textAlignment="Center" verticalAlignment="Middle" lineSpacing="Single">
						<font fontName="Times New Roman" pdfFontName="Helvetica" size="14" isBold="true" isItalic="false" isUnderline="true" isPdfEmbedded ="false" pdfEncoding ="Cp1252" isStrikeThrough="false" />
					</textElement>
				<text><![CDATA[Cod Client]]></text>
				</staticText>
				<staticText>
					<reportElement
						mode="Opaque"
						x="93"
						y="15"
						width="91"
						height="23"
						forecolor="#000000"
						backcolor="#FFFFFF"
						key="element-5"
						stretchType="NoStretch"
						positionType="FixRelativeToTop"
						isPrintRepeatedValues="true"
						isRemoveLineWhenBlank="false"
						isPrintInFirstWholeBand="false"
						isPrintWhenDetailOverflows="false"/>
					<textElement textAlignment="Center" verticalAlignment="Middle" lineSpacing="Single">
						<font fontName="Times New Roman" pdfFontName="Helvetica" size="14" isBold="false" isItalic="false" isUnderline="false" isPdfEmbedded ="false" pdfEncoding ="Cp1252" isStrikeThrough="false" />
					</textElement>
				<text><![CDATA[Numepren]]></text>
				</staticText>
				<staticText>
					<reportElement
						mode="Opaque"
						x="191"
						y="16"
						width="91"
						height="23"
						forecolor="#000000"
						backcolor="#FFFFFF"
						key="element-6"
						stretchType="NoStretch"
						positionType="FixRelativeToTop"
						isPrintRepeatedValues="true"
						isRemoveLineWhenBlank="false"
						isPrintInFirstWholeBand="false"
						isPrintWhenDetailOverflows="false"/>
					<textElement textAlignment="Center" verticalAlignment="Middle" lineSpacing="Single">
						<font fontName="Times New Roman" pdfFontName="Helvetica" size="14" isBold="false" isItalic="false" isUnderline="false" isPdfEmbedded ="false" pdfEncoding ="Cp1252" isStrikeThrough="false" />
					</textElement>
				<text><![CDATA[Adresa]]></text>
				</staticText>
				<staticText>
					<reportElement
						mode="Opaque"
						x="288"
						y="16"
						width="79"
						height="24"
						forecolor="#000000"
						backcolor="#FFFFFF"
						key="element-7"
						stretchType="NoStretch"
						positionType="FixRelativeToTop"
						isPrintRepeatedValues="true"
						isRemoveLineWhenBlank="false"
						isPrintInFirstWholeBand="false"
						isPrintWhenDetailOverflows="false"/>
					<textElement textAlignment="Center" verticalAlignment="Middle" lineSpacing="Single">
						<font fontName="Times New Roman" pdfFontName="Helvetica" size="14" isBold="false" isItalic="false" isUnderline="false" isPdfEmbedded ="false" pdfEncoding ="Cp1252" isStrikeThrough="false" />
					</textElement>
				<text><![CDATA[Cod Post]]></text>
				</staticText>
				<staticText>
					<reportElement
						mode="Opaque"
						x="371"
						y="14"
						width="76"
						height="25"
						forecolor="#000000"
						backcolor="#FFFFFF"
						key="element-8"
						stretchType="NoStretch"
						positionType="FixRelativeToTop"
						isPrintRepeatedValues="true"
						isRemoveLineWhenBlank="false"
						isPrintInFirstWholeBand="false"
						isPrintWhenDetailOverflows="false"/>
					<textElement textAlignment="Center" verticalAlignment="Middle" lineSpacing="Single">
						<font fontName="Times New Roman" pdfFontName="Helvetica" size="14" isBold="false" isItalic="false" isUnderline="false" isPdfEmbedded ="false" pdfEncoding ="Cp1252" isStrikeThrough="false" />
					</textElement>
				<text><![CDATA[Telefon]]></text>
				</staticText>
				<staticText>
					<reportElement
						mode="Opaque"
						x="457"
						y="16"
						width="62"
						height="24"
						forecolor="#000000"
						backcolor="#FFFFFF"
						key="element-9"
						stretchType="NoStretch"
						positionType="FixRelativeToTop"
						isPrintRepeatedValues="true"
						isRemoveLineWhenBlank="false"
						isPrintInFirstWholeBand="false"
						isPrintWhenDetailOverflows="false"/>
					<textElement textAlignment="Center" verticalAlignment="Middle" lineSpacing="Single">
						<font fontName="Times New Roman" pdfFontName="Helvetica" size="14" isBold="false" isItalic="false" isUnderline="false" isPdfEmbedded ="false" pdfEncoding ="Cp1252" isStrikeThrough="false" />
					</textElement>
				<text><![CDATA[Email]]></text>
				</staticText>
			</band>
		</columnHeader>
		<detail>
			<band height="87"  isSplitAllowed="true" >
				<textField isStretchWithOverflow="false" pattern="" isBlankWhenNull="false" evaluationTime="Now" hyperlinkType="None" >					<reportElement
						mode="Opaque"
						x="3"
						y="10"
						width="93"
						height="29"
						forecolor="#000000"
						backcolor="#FFFFFF"
						key="element-10"
						stretchType="NoStretch"
						positionType="FixRelativeToTop"
						isPrintRepeatedValues="true"
						isRemoveLineWhenBlank="false"
						isPrintInFirstWholeBand="false"
						isPrintWhenDetailOverflows="false"/>
					<textElement textAlignment="Left" verticalAlignment="Top" lineSpacing="Single">
						<font fontName="SansSerif" pdfFontName="Helvetica" size="12" isBold="false" isItalic="false" isUnderline="false" isPdfEmbedded ="false" pdfEncoding ="Cp1252" isStrikeThrough="false" />
					</textElement>
				<textFieldExpression   class="java.lang.Double"><![CDATA[$F{CODCL}]]></textFieldExpression>
				</textField>
				<textField isStretchWithOverflow="false" pattern="" isBlankWhenNull="false" evaluationTime="Now" hyperlinkType="None" >					<reportElement
						mode="Opaque"
						x="102"
						y="11"
						width="87"
						height="28"
						forecolor="#000000"
						backcolor="#FFFFFF"
						key="element-11"
						stretchType="NoStretch"
						positionType="FixRelativeToTop"
						isPrintRepeatedValues="true"
						isRemoveLineWhenBlank="false"
						isPrintInFirstWholeBand="false"
						isPrintWhenDetailOverflows="false"/>
					<textElement textAlignment="Left" verticalAlignment="Top" lineSpacing="Single">
						<font fontName="SansSerif" pdfFontName="Helvetica" size="12" isBold="false" isItalic="false" isUnderline="false" isPdfEmbedded ="false" pdfEncoding ="Cp1252" isStrikeThrough="false" />
					</textElement>
				<textFieldExpression   class="java.lang.String"><![CDATA[$F{NUMEPREN}]]></textFieldExpression>
				</textField>
				<textField isStretchWithOverflow="false" pattern="" isBlankWhenNull="true" evaluationTime="Now" hyperlinkType="None" >					<reportElement
						mode="Transparent"
						x="193"
						y="8"
						width="93"
						height="68"
						forecolor="#000000"
						backcolor="#FFFFFF"
						key="element-12"
						stretchType="NoStretch"
						positionType="FixRelativeToTop"
						isPrintRepeatedValues="true"
						isRemoveLineWhenBlank="false"
						isPrintInFirstWholeBand="false"
						isPrintWhenDetailOverflows="false"/>
					<textElement textAlignment="Left" verticalAlignment="Top" lineSpacing="Single">
						<font fontName="SansSerif" pdfFontName="Helvetica" size="12" isBold="false" isItalic="false" isUnderline="false" isPdfEmbedded ="false" pdfEncoding ="Cp1252" isStrikeThrough="false" />
					</textElement>
				<textFieldExpression   class="java.lang.String"><![CDATA[$F{ADRESA}]]></textFieldExpression>
				</textField>
				<textField isStretchWithOverflow="false" pattern="" isBlankWhenNull="false" evaluationTime="Now" hyperlinkType="None" >					<reportElement
						mode="Opaque"
						x="291"
						y="9"
						width="75"
						height="55"
						forecolor="#000000"
						backcolor="#FFFFFF"
						key="element-13"
						stretchType="NoStretch"
						positionType="FixRelativeToTop"
						isPrintRepeatedValues="true"
						isRemoveLineWhenBlank="false"
						isPrintInFirstWholeBand="false"
						isPrintWhenDetailOverflows="false"/>
					<textElement textAlignment="Left" verticalAlignment="Top" lineSpacing="Single">
						<font fontName="SansSerif" pdfFontName="Helvetica" size="12" isBold="false" isItalic="false" isUnderline="false" isPdfEmbedded ="false" pdfEncoding ="Cp1252" isStrikeThrough="false" />
					</textElement>
				<textFieldExpression   class="java.lang.String"><![CDATA[$F{CODPOST}]]></textFieldExpression>
				</textField>
				<textField isStretchWithOverflow="false" pattern="" isBlankWhenNull="false" evaluationTime="Now" hyperlinkType="None" >					<reportElement
						mode="Opaque"
						x="463"
						y="10"
						width="64"
						height="36"
						forecolor="#000000"
						backcolor="#FFFFFF"
						key="element-14"
						stretchType="NoStretch"
						positionType="FixRelativeToTop"
						isPrintRepeatedValues="true"
						isRemoveLineWhenBlank="false"
						isPrintInFirstWholeBand="false"
						isPrintWhenDetailOverflows="false"/>
					<textElement textAlignment="Left" verticalAlignment="Top" lineSpacing="Single">
						<font fontName="SansSerif" pdfFontName="Helvetica" size="12" isBold="false" isItalic="false" isUnderline="false" isPdfEmbedded ="false" pdfEncoding ="Cp1252" isStrikeThrough="false" />
					</textElement>
				<textFieldExpression   class="java.lang.String"><![CDATA[$F{EMAIL}]]></textFieldExpression>
				</textField>
				<textField isStretchWithOverflow="false" pattern="" isBlankWhenNull="false" evaluationTime="Now" hyperlinkType="None" >					<reportElement
						mode="Opaque"
						x="390"
						y="9"
						width="62"
						height="40"
						forecolor="#000000"
						backcolor="#FFFFFF"
						key="element-15"
						stretchType="NoStretch"
						positionType="FixRelativeToTop"
						isPrintRepeatedValues="true"
						isRemoveLineWhenBlank="false"
						isPrintInFirstWholeBand="false"
						isPrintWhenDetailOverflows="false"/>
					<textElement textAlignment="Left" verticalAlignment="Top" lineSpacing="Single">
						<font fontName="SansSerif" pdfFontName="Helvetica" size="12" isBold="false" isItalic="false" isUnderline="false" isPdfEmbedded ="false" pdfEncoding ="Cp1252" isStrikeThrough="false" />
					</textElement>
				<textFieldExpression   class="java.lang.Double"><![CDATA[$F{TELEFON}]]></textFieldExpression>
				</textField>
				<rectangle radius="0" >
					<reportElement
						mode="Transparent"
						x="1"
						y="1"
						width="530"
						height="80"
						forecolor="#000000"
						backcolor="#99CCFF"
						key="element-16"
						stretchType="NoStretch"
						positionType="FixRelativeToTop"
						isPrintRepeatedValues="true"
						isRemoveLineWhenBlank="false"
						isPrintInFirstWholeBand="false"
						isPrintWhenDetailOverflows="false"/>
					<graphicElement stretchType="NoStretch" pen="Thin" fill="Solid" />
				</rectangle>
			</band>
		</detail>
		<columnFooter>
			<band height="30"  isSplitAllowed="true" >
			</band>
		</columnFooter>
		<pageFooter>
			<band height="50"  isSplitAllowed="true" >
			</band>
		</pageFooter>
		<summary>
			<band height="0"  isSplitAllowed="true" >
			</band>
		</summary>
</jasperReport>
