<?xml version="1.0" encoding="UTF-8"  ?>
<!-- Created with iReport - A designer for JasperReports -->
<!DOCTYPE jasperReport PUBLIC "//JasperReports//DTD Report Design//EN" "http://jasperreports.sourceforge.net/dtds/jasperreport.dtd">
<jasperReport
		 name="Reparatii"
		 columnCount="1"
		 printOrder="Vertical"
		 orientation="Landscape"
		 pageWidth="595"
		 pageHeight="842"
		 columnWidth="535"
		 columnSpacing="0"
		 leftMargin="30"
		 rightMargin="30"
		 topMargin="20"
		 bottomMargin="20"
		 whenNoDataType="NoPages"
		 isTitleNewPage="false"
		 isSummaryNewPage="false">
	<property name="ireport.scriptlethandling" value="2" />
	<queryString><![CDATA[select * from clienti,reparatii,artrepar WHERE CLIENTI.CODCL=REPARATII.CODCL and reparatii.codrepar=artrepar.codrepar order by clienti.codcl]]></queryString>
	<field name="CODCL" class="java.lang.Double"/>
	<field name="NUMEPREN" class="java.lang.String"/>
	<field name="ADRESA" class="java.lang.String"/>
	<field name="CODPOST" class="java.lang.String"/>
	<field name="TELEFON" class="java.lang.Double"/>
	<field name="EMAIL" class="java.lang.String"/>
	<field name="CODREPAR" class="java.lang.Double"/>
	<field name="DATAREPAR" class="java.util.Date"/>
	<field name="VALTOTALAR" class="java.lang.Double"/>
	<field name="CANTITATE" class="java.lang.Double"/>
	<field name="CODCHITARA" class="java.lang.String"/>
	<field name="CODCOMPO" class="java.lang.Double"/>
	<field name="GRAD_DEFECT" class="java.lang.Double"/>
	<field name="PRETREPARATIE" class="java.lang.Double"/>
		<group  name="CODCL" isStartNewColumn="false" isStartNewPage="true" isResetPageNumber="false" isReprintHeaderOnEachPage="false" minHeightToStartNewPage="0" >
			<groupExpression><![CDATA[$F{CODCL}]]></groupExpression>
			<groupHeader>
			<band height="149"  isSplitAllowed="true" >
				<rectangle radius="5" >
					<reportElement
						mode="Opaque"
						x="5"
						y="11"
						width="353"
						height="113"
						forecolor="#000000"
						backcolor="#003399"
						key="element-15"
						stretchType="NoStretch"
						positionType="FixRelativeToTop"
						isPrintRepeatedValues="true"
						isRemoveLineWhenBlank="false"
						isPrintInFirstWholeBand="false"
						isPrintWhenDetailOverflows="false"/>
					<graphicElement stretchType="NoStretch" pen="Thin" fill="Solid" />
				</rectangle>
				<staticText>
					<reportElement
						mode="Opaque"
						x="20"
						y="23"
						width="133"
						height="37"
						forecolor="#99CCFF"
						backcolor="#003399"
						key="element-33"
						stretchType="NoStretch"
						positionType="FixRelativeToTop"
						isPrintRepeatedValues="true"
						isRemoveLineWhenBlank="false"
						isPrintInFirstWholeBand="false"
						isPrintWhenDetailOverflows="false"/>
					<textElement textAlignment="Left" verticalAlignment="Top" lineSpacing="Single">
						<font fontName="Times New Roman" pdfFontName="Helvetica" size="18" isBold="true" isItalic="true" isUnderline="false" isPdfEmbedded ="false" pdfEncoding ="Cp1252" isStrikeThrough="false" />
					</textElement>
				<text><![CDATA[Cod Client]]></text>
				</staticText>
				<staticText>
					<reportElement
						mode="Opaque"
						x="181"
						y="24"
						width="123"
						height="38"
						forecolor="#99CCFF"
						backcolor="#003399"
						key="element-36"
						stretchType="NoStretch"
						positionType="FixRelativeToTop"
						isPrintRepeatedValues="true"
						isRemoveLineWhenBlank="false"
						isPrintInFirstWholeBand="false"
						isPrintWhenDetailOverflows="false"/>
					<textElement textAlignment="Left" verticalAlignment="Top" lineSpacing="Single">
						<font fontName="Times New Roman" pdfFontName="Helvetica" size="18" isBold="true" isItalic="true" isUnderline="false" isPdfEmbedded ="false" pdfEncoding ="Cp1252" isStrikeThrough="false" />
					</textElement>
				<text><![CDATA[Nume Prenume]]></text>
				</staticText>
				<textField isStretchWithOverflow="false" pattern="" isBlankWhenNull="false" evaluationTime="Now" hyperlinkType="None" >					<reportElement
						mode="Opaque"
						x="181"
						y="83"
						width="150"
						height="26"
						forecolor="#99CCFF"
						backcolor="#003399"
						key="element-37"
						stretchType="NoStretch"
						positionType="FixRelativeToTop"
						isPrintRepeatedValues="true"
						isRemoveLineWhenBlank="false"
						isPrintInFirstWholeBand="false"
						isPrintWhenDetailOverflows="false"/>
					<textElement textAlignment="Left" verticalAlignment="Top" lineSpacing="Single">
						<font fontName="SansSerif" pdfFontName="Helvetica" size="12" isBold="false" isItalic="false" isUnderline="false" isPdfEmbedded ="false" pdfEncoding ="Cp1252" isStrikeThrough="false" />
					</textElement>
				<textFieldExpression   class="java.lang.String"><![CDATA[$F{NUMEPREN}]]></textFieldExpression>
				</textField>
				<textField isStretchWithOverflow="false" pattern="" isBlankWhenNull="false" evaluationTime="Now" hyperlinkType="None" >					<reportElement
						mode="Opaque"
						x="17"
						y="83"
						width="137"
						height="29"
						forecolor="#99CCFF"
						backcolor="#003399"
						key="element-38"
						stretchType="NoStretch"
						positionType="FixRelativeToTop"
						isPrintRepeatedValues="true"
						isRemoveLineWhenBlank="false"
						isPrintInFirstWholeBand="false"
						isPrintWhenDetailOverflows="false"/>
					<textElement textAlignment="Left" verticalAlignment="Top" lineSpacing="Single">
						<font fontName="SansSerif" pdfFontName="Helvetica" size="12" isBold="false" isItalic="false" isUnderline="false" isPdfEmbedded ="false" pdfEncoding ="Cp1252" isStrikeThrough="false" />
					</textElement>
				<textFieldExpression   class="java.lang.Double"><![CDATA[$F{CODCL}]]></textFieldExpression>
				</textField>
			</band>
			</groupHeader>
			<groupFooter>
			<band height="10"  isSplitAllowed="true" >
			</band>
			</groupFooter>
		</group>
		<group  name="codrepar" isStartNewColumn="false" isStartNewPage="false" isResetPageNumber="false" isReprintHeaderOnEachPage="false" minHeightToStartNewPage="0" >
			<groupExpression><![CDATA[$F{CODREPAR}]]></groupExpression>
			<groupHeader>
			<band height="128"  isSplitAllowed="true" >
				<textField isStretchWithOverflow="false" pattern="" isBlankWhenNull="false" evaluationTime="Now" hyperlinkType="None" >					<reportElement
						mode="Opaque"
						x="30"
						y="62"
						width="114"
						height="35"
						forecolor="#000000"
						backcolor="#FFFFFF"
						key="element-26"
						stretchType="NoStretch"
						positionType="FixRelativeToTop"
						isPrintRepeatedValues="true"
						isRemoveLineWhenBlank="false"
						isPrintInFirstWholeBand="false"
						isPrintWhenDetailOverflows="false"/>
					<textElement textAlignment="Left" verticalAlignment="Top" lineSpacing="Single">
						<font fontName="SansSerif" pdfFontName="Helvetica" size="12" isBold="false" isItalic="false" isUnderline="false" isPdfEmbedded ="false" pdfEncoding ="Cp1252" isStrikeThrough="false" />
					</textElement>
				<textFieldExpression   class="java.lang.Double"><![CDATA[$F{CODREPAR}]]></textFieldExpression>
				</textField>
				<textField isStretchWithOverflow="false" pattern="" isBlankWhenNull="false" evaluationTime="Now" hyperlinkType="None" >					<reportElement
						mode="Opaque"
						x="163"
						y="61"
						width="123"
						height="37"
						forecolor="#000000"
						backcolor="#FFFFFF"
						key="element-27"
						stretchType="NoStretch"
						positionType="FixRelativeToTop"
						isPrintRepeatedValues="true"
						isRemoveLineWhenBlank="false"
						isPrintInFirstWholeBand="false"
						isPrintWhenDetailOverflows="false"/>
					<textElement textAlignment="Left" verticalAlignment="Top" lineSpacing="Single">
						<font fontName="SansSerif" pdfFontName="Helvetica" size="12" isBold="false" isItalic="false" isUnderline="false" isPdfEmbedded ="false" pdfEncoding ="Cp1252" isStrikeThrough="false" />
					</textElement>
				<textFieldExpression   class="java.util.Date"><![CDATA[$F{DATAREPAR}]]></textFieldExpression>
				</textField>
				<textField isStretchWithOverflow="false" pattern="" isBlankWhenNull="false" evaluationTime="Now" hyperlinkType="None" >					<reportElement
						mode="Opaque"
						x="301"
						y="61"
						width="128"
						height="35"
						forecolor="#000000"
						backcolor="#FFFFFF"
						key="element-28"
						stretchType="NoStretch"
						positionType="FixRelativeToTop"
						isPrintRepeatedValues="true"
						isRemoveLineWhenBlank="false"
						isPrintInFirstWholeBand="false"
						isPrintWhenDetailOverflows="false"/>
					<textElement textAlignment="Left" verticalAlignment="Top" lineSpacing="Single">
						<font fontName="SansSerif" pdfFontName="Helvetica" size="12" isBold="false" isItalic="false" isUnderline="false" isPdfEmbedded ="false" pdfEncoding ="Cp1252" isStrikeThrough="false" />
					</textElement>
				<textFieldExpression   class="java.lang.Double"><![CDATA[$F{VALTOTALAR}]]></textFieldExpression>
				</textField>
				<rectangle radius="5" >
					<reportElement
						mode="Transparent"
						x="3"
						y="10"
						width="529"
						height="99"
						forecolor="#000000"
						backcolor="#FFFFFF"
						key="element-39"
						stretchType="NoStretch"
						positionType="FixRelativeToTop"
						isPrintRepeatedValues="true"
						isRemoveLineWhenBlank="false"
						isPrintInFirstWholeBand="false"
						isPrintWhenDetailOverflows="false"/>
					<graphicElement stretchType="NoStretch" pen="Thin" fill="Solid" />
				</rectangle>
				<staticText>
					<reportElement
						mode="Opaque"
						x="28"
						y="17"
						width="122"
						height="35"
						forecolor="#000000"
						backcolor="#FFFFFF"
						key="element-40"
						stretchType="NoStretch"
						positionType="FixRelativeToTop"
						isPrintRepeatedValues="true"
						isRemoveLineWhenBlank="false"
						isPrintInFirstWholeBand="false"
						isPrintWhenDetailOverflows="false"/>
					<textElement textAlignment="Left" verticalAlignment="Top" lineSpacing="Single">
						<font fontName="Times New Roman" pdfFontName="Helvetica" size="14" isBold="true" isItalic="false" isUnderline="false" isPdfEmbedded ="false" pdfEncoding ="Cp1252" isStrikeThrough="false" />
					</textElement>
				<text><![CDATA[Cod Reparatie]]></text>
				</staticText>
				<staticText>
					<reportElement
						mode="Opaque"
						x="166"
						y="14"
						width="118"
						height="40"
						forecolor="#000000"
						backcolor="#FFFFFF"
						key="element-41"
						stretchType="NoStretch"
						positionType="FixRelativeToTop"
						isPrintRepeatedValues="true"
						isRemoveLineWhenBlank="false"
						isPrintInFirstWholeBand="false"
						isPrintWhenDetailOverflows="false"/>
					<textElement textAlignment="Left" verticalAlignment="Top" lineSpacing="Single">
						<font fontName="Times New Roman" pdfFontName="Helvetica" size="14" isBold="true" isItalic="false" isUnderline="false" isPdfEmbedded ="false" pdfEncoding ="Cp1252" isStrikeThrough="false" />
					</textElement>
				<text><![CDATA[Data Reparatiei]]></text>
				</staticText>
				<staticText>
					<reportElement
						mode="Opaque"
						x="298"
						y="16"
						width="145"
						height="35"
						forecolor="#000000"
						backcolor="#FFFFFF"
						key="element-42"
						stretchType="NoStretch"
						positionType="FixRelativeToTop"
						isPrintRepeatedValues="true"
						isRemoveLineWhenBlank="false"
						isPrintInFirstWholeBand="false"
						isPrintWhenDetailOverflows="false"/>
					<textElement textAlignment="Left" verticalAlignment="Top" lineSpacing="Single">
						<font fontName="SansSerif" pdfFontName="Helvetica" size="12" isBold="false" isItalic="false" isUnderline="false" isPdfEmbedded ="false" pdfEncoding ="Cp1252" isStrikeThrough="false" />
					</textElement>
				<text><![CDATA[Valoare Reparatie]]></text>
				</staticText>
			</band>
			</groupHeader>
			<groupFooter>
			<band height="8"  isSplitAllowed="true" >
			</band>
			</groupFooter>
		</group>
		<background>
			<band height="0"  isSplitAllowed="true" >
			</band>
		</background>
		<title>
			<band height="106"  isSplitAllowed="true" >
				<image  scaleImage="RetainShape" vAlign="Middle" hAlign="Center" isUsingCache="false" evaluationTime="Now" hyperlinkType="None">					<reportElement
						mode="Opaque"
						x="15"
						y="13"
						width="121"
						height="89"
						forecolor="#000000"
						backcolor="#FFFFFF"
						key="element-17"
						stretchType="NoStretch"
						positionType="FixRelativeToTop"
						isPrintRepeatedValues="true"
						isRemoveLineWhenBlank="false"
						isPrintInFirstWholeBand="false"
						isPrintWhenDetailOverflows="false"/>
					<graphicElement stretchType="NoStretch" pen="None" fill="Solid" />
					<imageExpression class="java.lang.String"><![CDATA["D:\\proiect java 2004\\Proiect Alex\\poze\\reparatii\\reparatie2.jpg"]]></imageExpression>				</image>
				<staticText>
					<reportElement
						mode="Opaque"
						x="147"
						y="21"
						width="259"
						height="68"
						forecolor="#000000"
						backcolor="#FFFFFF"
						key="element-18"
						stretchType="NoStretch"
						positionType="FixRelativeToTop"
						isPrintRepeatedValues="true"
						isRemoveLineWhenBlank="false"
						isPrintInFirstWholeBand="false"
						isPrintWhenDetailOverflows="false"/>
					<textElement textAlignment="Center" verticalAlignment="Middle" lineSpacing="1_1_2">
						<font fontName="Times New Roman" pdfFontName="Helvetica" size="24" isBold="true" isItalic="false" isUnderline="false" isPdfEmbedded ="false" pdfEncoding ="Cp1252" isStrikeThrough="false" />
					</textElement>
				<text><![CDATA[Reparatii]]></text>
				</staticText>
				<line direction="TopDown">
					<reportElement
						mode="Opaque"
						x="4"
						y="5"
						width="528"
						height="0"
						forecolor="#000000"
						backcolor="#FFFFFF"
						key="element-34"
						stretchType="NoStretch"
						positionType="FixRelativeToTop"
						isPrintRepeatedValues="true"
						isRemoveLineWhenBlank="false"
						isPrintInFirstWholeBand="false"
						isPrintWhenDetailOverflows="false"/>
					<graphicElement stretchType="NoStretch" pen="Thin" fill="Solid" />
				</line>
			</band>
		</title>
		<pageHeader>
			<band height="8"  isSplitAllowed="true" >
			</band>
		</pageHeader>
		<columnHeader>
			<band height="9"  isSplitAllowed="true" >
			</band>
		</columnHeader>
		<detail>
			<band height="94"  isSplitAllowed="true" >
				<staticText>
					<reportElement
						mode="Opaque"
						x="12"
						y="11"
						width="100"
						height="30"
						forecolor="#000000"
						backcolor="#FFFFFF"
						key="element-45"
						stretchType="NoStretch"
						positionType="FixRelativeToTop"
						isPrintRepeatedValues="true"
						isRemoveLineWhenBlank="false"
						isPrintInFirstWholeBand="false"
						isPrintWhenDetailOverflows="false"/>
					<textElement textAlignment="Left" verticalAlignment="Middle" lineSpacing="Single">
						<font fontName="Times New Roman" pdfFontName="Helvetica" size="12" isBold="true" isItalic="false" isUnderline="false" isPdfEmbedded ="false" pdfEncoding ="Cp1252" isStrikeThrough="false" />
					</textElement>
				<text><![CDATA[Cod Chitara]]></text>
				</staticText>
				<staticText>
					<reportElement
						mode="Opaque"
						x="125"
						y="9"
						width="100"
						height="37"
						forecolor="#000000"
						backcolor="#FFFFFF"
						key="element-46"
						stretchType="NoStretch"
						positionType="FixRelativeToTop"
						isPrintRepeatedValues="true"
						isRemoveLineWhenBlank="false"
						isPrintInFirstWholeBand="false"
						isPrintWhenDetailOverflows="false"/>
					<textElement textAlignment="Left" verticalAlignment="Middle" lineSpacing="Single">
						<font fontName="Times New Roman" pdfFontName="Helvetica" size="12" isBold="true" isItalic="false" isUnderline="false" isPdfEmbedded ="false" pdfEncoding ="Cp1252" isStrikeThrough="false" />
					</textElement>
				<text><![CDATA[Cod componenta]]></text>
				</staticText>
				<staticText>
					<reportElement
						mode="Opaque"
						x="233"
						y="7"
						width="60"
						height="37"
						forecolor="#000000"
						backcolor="#FFFFFF"
						key="element-47"
						stretchType="NoStretch"
						positionType="FixRelativeToTop"
						isPrintRepeatedValues="true"
						isRemoveLineWhenBlank="false"
						isPrintInFirstWholeBand="false"
						isPrintWhenDetailOverflows="false"/>
					<textElement textAlignment="Left" verticalAlignment="Middle" lineSpacing="Single">
						<font fontName="Times New Roman" pdfFontName="Helvetica" size="12" isBold="true" isItalic="false" isUnderline="false" isPdfEmbedded ="false" pdfEncoding ="Cp1252" isStrikeThrough="false" />
					</textElement>
				<text><![CDATA[Cantitate]]></text>
				</staticText>
				<staticText>
					<reportElement
						mode="Opaque"
						x="302"
						y="6"
						width="87"
						height="39"
						forecolor="#000000"
						backcolor="#FFFFFF"
						key="element-48"
						stretchType="NoStretch"
						positionType="FixRelativeToTop"
						isPrintRepeatedValues="true"
						isRemoveLineWhenBlank="false"
						isPrintInFirstWholeBand="false"
						isPrintWhenDetailOverflows="false"/>
					<textElement textAlignment="Left" verticalAlignment="Middle" lineSpacing="Single">
						<font fontName="Times New Roman" pdfFontName="Helvetica" size="12" isBold="true" isItalic="false" isUnderline="false" isPdfEmbedded ="false" pdfEncoding ="Cp1252" isStrikeThrough="false" />
					</textElement>
				<text><![CDATA[Grad defectiune]]></text>
				</staticText>
				<staticText>
					<reportElement
						mode="Opaque"
						x="398"
						y="7"
						width="124"
						height="40"
						forecolor="#000000"
						backcolor="#FFFFFF"
						key="element-49"
						stretchType="NoStretch"
						positionType="FixRelativeToTop"
						isPrintRepeatedValues="true"
						isRemoveLineWhenBlank="false"
						isPrintInFirstWholeBand="false"
						isPrintWhenDetailOverflows="false"/>
					<textElement textAlignment="Left" verticalAlignment="Middle" lineSpacing="Single">
						<font fontName="Times New Roman" pdfFontName="Helvetica" size="12" isBold="true" isItalic="false" isUnderline="false" isPdfEmbedded ="false" pdfEncoding ="Cp1252" isStrikeThrough="false" />
					</textElement>
				<text><![CDATA[Pret Reparatie]]></text>
				</staticText>
				<textField isStretchWithOverflow="false" pattern="" isBlankWhenNull="false" evaluationTime="Now" hyperlinkType="None" >					<reportElement
						mode="Opaque"
						x="11"
						y="59"
						width="131"
						height="25"
						forecolor="#000000"
						backcolor="#FFFFFF"
						key="element-50"
						stretchType="NoStretch"
						positionType="FixRelativeToTop"
						isPrintRepeatedValues="true"
						isRemoveLineWhenBlank="false"
						isPrintInFirstWholeBand="false"
						isPrintWhenDetailOverflows="false"/>
					<textElement textAlignment="Left" verticalAlignment="Top" lineSpacing="Single">
						<font fontName="SansSerif" pdfFontName="Helvetica" size="12" isBold="false" isItalic="false" isUnderline="false" isPdfEmbedded ="false" pdfEncoding ="Cp1252" isStrikeThrough="false" />
					</textElement>
				<textFieldExpression   class="java.lang.String"><![CDATA[$F{CODCHITARA}]]></textFieldExpression>
				</textField>
				<textField isStretchWithOverflow="false" pattern="" isBlankWhenNull="false" evaluationTime="Now" hyperlinkType="None" >					<reportElement
						mode="Opaque"
						x="154"
						y="60"
						width="55"
						height="27"
						forecolor="#000000"
						backcolor="#FFFFFF"
						key="element-51"
						stretchType="NoStretch"
						positionType="FixRelativeToTop"
						isPrintRepeatedValues="true"
						isRemoveLineWhenBlank="false"
						isPrintInFirstWholeBand="false"
						isPrintWhenDetailOverflows="false"/>
					<textElement textAlignment="Left" verticalAlignment="Top" lineSpacing="Single">
						<font fontName="SansSerif" pdfFontName="Helvetica" size="12" isBold="false" isItalic="false" isUnderline="false" isPdfEmbedded ="false" pdfEncoding ="Cp1252" isStrikeThrough="false" />
					</textElement>
				<textFieldExpression   class="java.lang.Double"><![CDATA[$F{CODCOMPO}]]></textFieldExpression>
				</textField>
				<textField isStretchWithOverflow="false" pattern="" isBlankWhenNull="false" evaluationTime="Now" hyperlinkType="None" >					<reportElement
						mode="Opaque"
						x="239"
						y="61"
						width="52"
						height="26"
						forecolor="#000000"
						backcolor="#FFFFFF"
						key="element-52"
						stretchType="NoStretch"
						positionType="FixRelativeToTop"
						isPrintRepeatedValues="true"
						isRemoveLineWhenBlank="false"
						isPrintInFirstWholeBand="false"
						isPrintWhenDetailOverflows="false"/>
					<textElement textAlignment="Left" verticalAlignment="Top" lineSpacing="Single">
						<font fontName="SansSerif" pdfFontName="Helvetica" size="12" isBold="false" isItalic="false" isUnderline="false" isPdfEmbedded ="false" pdfEncoding ="Cp1252" isStrikeThrough="false" />
					</textElement>
				<textFieldExpression   class="java.lang.Double"><![CDATA[$F{CANTITATE}]]></textFieldExpression>
				</textField>
				<textField isStretchWithOverflow="false" pattern="" isBlankWhenNull="false" evaluationTime="Now" hyperlinkType="None" >					<reportElement
						mode="Opaque"
						x="314"
						y="61"
						width="47"
						height="27"
						forecolor="#000000"
						backcolor="#FFFFFF"
						key="element-53"
						stretchType="NoStretch"
						positionType="FixRelativeToTop"
						isPrintRepeatedValues="true"
						isRemoveLineWhenBlank="false"
						isPrintInFirstWholeBand="false"
						isPrintWhenDetailOverflows="false"/>
					<textElement textAlignment="Left" verticalAlignment="Top" lineSpacing="Single">
						<font fontName="SansSerif" pdfFontName="Helvetica" size="12" isBold="false" isItalic="false" isUnderline="false" isPdfEmbedded ="false" pdfEncoding ="Cp1252" isStrikeThrough="false" />
					</textElement>
				<textFieldExpression   class="java.lang.Double"><![CDATA[$F{GRAD_DEFECT}]]></textFieldExpression>
				</textField>
				<textField isStretchWithOverflow="false" pattern="" isBlankWhenNull="false" evaluationTime="Now" hyperlinkType="None" >					<reportElement
						mode="Opaque"
						x="398"
						y="59"
						width="125"
						height="27"
						forecolor="#000000"
						backcolor="#FFFFFF"
						key="element-54"
						stretchType="NoStretch"
						positionType="FixRelativeToTop"
						isPrintRepeatedValues="true"
						isRemoveLineWhenBlank="false"
						isPrintInFirstWholeBand="false"
						isPrintWhenDetailOverflows="false"/>
					<textElement textAlignment="Left" verticalAlignment="Top" lineSpacing="Single">
						<font fontName="SansSerif" pdfFontName="Helvetica" size="12" isBold="false" isItalic="false" isUnderline="false" isPdfEmbedded ="false" pdfEncoding ="Cp1252" isStrikeThrough="false" />
					</textElement>
				<textFieldExpression   class="java.lang.Double"><![CDATA[$F{PRETREPARATIE}]]></textFieldExpression>
				</textField>
			</band>
		</detail>
		<columnFooter>
			<band height="13"  isSplitAllowed="true" >
			</band>
		</columnFooter>
		<pageFooter>
			<band height="35"  isSplitAllowed="true" >
				<textField isStretchWithOverflow="false" pattern="" isBlankWhenNull="false" evaluationTime="Now" hyperlinkType="None" >					<reportElement
						mode="Opaque"
						x="492"
						y="7"
						width="36"
						height="18"
						forecolor="#000000"
						backcolor="#FFFFFF"
						key="element-43"
						stretchType="NoStretch"
						positionType="FixRelativeToTop"
						isPrintRepeatedValues="true"
						isRemoveLineWhenBlank="false"
						isPrintInFirstWholeBand="false"
						isPrintWhenDetailOverflows="false"/>
					<textElement textAlignment="Left" verticalAlignment="Top" lineSpacing="Single">
						<font fontName="SansSerif" pdfFontName="Helvetica" size="12" isBold="false" isItalic="false" isUnderline="false" isPdfEmbedded ="false" pdfEncoding ="Cp1252" isStrikeThrough="false" />
					</textElement>
				<textFieldExpression   class="java.lang.Integer"><![CDATA[$V{PAGE_NUMBER}]]></textFieldExpression>
				</textField>
				<staticText>
					<reportElement
						mode="Opaque"
						x="399"
						y="6"
						width="81"
						height="20"
						forecolor="#000000"
						backcolor="#FFFFFF"
						key="element-44"
						stretchType="NoStretch"
						positionType="FixRelativeToTop"
						isPrintRepeatedValues="true"
						isRemoveLineWhenBlank="false"
						isPrintInFirstWholeBand="false"
						isPrintWhenDetailOverflows="false"/>
					<textElement textAlignment="Left" verticalAlignment="Top" lineSpacing="Single">
						<font fontName="SansSerif" pdfFontName="Helvetica" size="12" isBold="false" isItalic="false" isUnderline="false" isPdfEmbedded ="false" pdfEncoding ="Cp1252" isStrikeThrough="false" />
					</textElement>
				<text><![CDATA[Nr Pagina]]></text>
				</staticText>
				<line direction="TopDown">
					<reportElement
						mode="Opaque"
						x="4"
						y="30"
						width="528"
						height="0"
						forecolor="#000000"
						backcolor="#FFFFFF"
						key="element-35"
						stretchType="NoStretch"
						positionType="FixRelativeToTop"
						isPrintRepeatedValues="true"
						isRemoveLineWhenBlank="false"
						isPrintInFirstWholeBand="false"
						isPrintWhenDetailOverflows="false"/>
					<graphicElement stretchType="NoStretch" pen="Thin" fill="Solid" />
				</line>
			</band>
		</pageFooter>
		<summary>
			<band height="11"  isSplitAllowed="true" >
			</band>
		</summary>
</jasperReport>
